{"_id":{"$oid":"5bbf7e123c415131884ff37a"},"name":"bachfile","start":50.0,"error":""}
{"_id":{"$oid":"5bbf7e183c415131884ff37b"},"name":"bachfile1","start":46.0,"error":""}
{"_id":{"$oid":"5bbf7e1f3c415131884ff37c"},"name":"bachfile2","start":0.0,"error":""}
{"_id":{"$oid":"5bbf7e263c415131884ff37d"},"name":"bachfile3","start":0.0,"error":""}
{"_id":{"$oid":"5bbf7e2c3c415131884ff37e"},"name":"bachfile4","start":0.0,"error":""}
{"_id":{"$oid":"5bbf7e323c415131884ff37f"},"name":"bachfile5","start":0.0,"error":""}
{"_id":{"$oid":"5bbf7e383c415131884ff380"},"name":"bachfile6","start":0.0,"error":""}
{"_id":{"$oid":"5bbf7e3e3c415131884ff381"},"name":"bachfile7","start":0.0,"error":""}
